ID_participant_long,transcript_coder1_coder2_coder3,transcript_wav2vec_base,transcript_wav2vec_large,transcript_google,transcript_whisper,transcript_whisper_medium,transcript_nvidia_xxlarge
children_5dce92ac94dba8102c325b02,"I don't have any children because both my husband and I suffer from mental illness, and we didn't wanna pass it along to our children.",I don't have any children because both my husband and I suffer from mental illness and we didn't want to pass it along to our children,I don't have any children because both my husband and I suffered from mental illness and we didn't want to pass it along to our children,I don't have any children because both my husband and I suffer from mental illness and we didn't want to pass it along to our children,I don't have any children because both my husband and I suffer from mental illness and we didn't want to pass it along to our children.,I don't have any children because both my husband and I suffer from mental illness and we didn't want to pass it along to our children.,i don't have any children because both my husband and i suffer from mental illness and we didn't want to pass it along to our children
children_5f9fb315ae6f085ff96c0cac,I take care of myself without taking care of kids. I'm just not ready for it.,E Ke care of my Tolp without taking care of kids Im an is NAT ready for it,Merely take care of my Soll without taking care of kids Im I'm just not ready for it,barely take care of myself taking care of kids I'm just not ready for it,I can't take care of myself without taking care of kids. I'm just not ready for it.,care of myself without taking care of kids. I'm just not ready for it.,i barely take care of myself without taking care of kids i'm just not ready for it
children_5fb327660f80c1a4d39fada2,I do not want to have children at all. It just isn't for me. Sorry.,I do not want to have children at all it just Isnit for me sorry,I do not want to have children at all it just isn't or me sorry,I do not want to have children it just isn't for me sorry,I do not want to have children at all. It just isn't for me. Sorry.,I do not want to have children at all. It just isn't for me. Sorry.,i do not want to have children at all it just isn't for me sorry
children_601387b4aa37e127b0544497,"I don't have any children yet because I keep running into guys that aren't about anything obviously. I just don't wanna bring a child into this world and I'm not ready and I'm having trouble with myself, like just even taking care of myself so",Um I don't have any Childin yet because I keep Runnin into Guyse that aren't about anything obviously um I just don't want to bring a child into this world and I'm not ready and I'm having trouble with myself like just even takin care of myself so,Em I don't have any children yet because I keep running into guys that aren't about anything obviously um I just don't want to bring a child into this world and I'm not ready and I'm having trouble with myself I just even takin care of myself so,I don't have any children yet because I keep running into guys that aren't about anyting I received I just don't want to bring a child into this world and I'm not ready and I'm having trouble with myself like this even taking care of myself so,"I don't have any children yet because I keep running into guys that aren't about anything, obviously. I just don't want to bring a child into this world and I'm not ready and I'm having trouble with myself, like, just even taking care of myself.","Um, I don't have any children yet because I keep running into guys that aren't about anything, obviously. Um, I just don't want to bring a child into this world and I'm not ready and I'm having trouble with myself, like, just even taking care of myself, so.",um i don't have any children yet because i keep running into guys that aren't about anything obviously um i just don't wanna bring a child into this world and i'm not ready and i'm having trouble with myself like just even taking care of myself so
children_60ca2c1af74de5025ec3600c,I could not have children due to medical reasons.,I could not have children due to medical reason,I could not have children DOE to medical reasons,could not have children due to medical reasons,I could not have children due to medical reasons.,I could not have children due to medical reasons.,i could not have children due to medical reasons
children_62c35e9517e15b36b957a678,I'm not a big fan of children and I don't plan to have any children regardless if I'm in a serious relationship or not.,Iam not a big Fanof children and and I don't plan to have any children of regardless of Fum and a Asserious relationship Ernut,I'm not a big fan of children and I don't plan to have any children I regardless if I Ino a serious relationship or not,I'm not a big fan of children and I don't plan to have any children of regardless of fell into a serious relationship or not,I'm not a big fan of children and I don't plan to have any children regardless if I'm in a serious relationship or not.,I'm not a big fan of children and I don't plan to have any children regardless if I'm in a serious relationship or not.,i'm not a big fan of children and i don't plan to have any children regardless if i'm in a serious relationship or not
children_633b87cee034f7bf70e3faa5,"My fiancee and I had just bought a house, so we're not planning on having any kids yet.",My fiance and I had just bought a House so we're not played on Hav an Ykins yet,My Fiancee and I had just bought a House so we're not played on t have any kids yet,my fiance and I had just bought a house so we're not planning on having any kids yet,"My fiance and I had just bought a house, so we're not planning on having any kids yet.","My fiance and I had just bought a house, so we're not planning on having any kids yet.",my fiance and i just bought a house so we're not planning on having any kids yet
children_638618fa9af1295309751c0c,Just didn't happen.,Just didn't happen,Just didn't happen,just didn't happen,Just didn't happen.,Just didn't happen.,it just didn't happen
children_63b4cf71ee20e198a270b1b2,I don't have children yet just for the reason that the partner I'm with we're not looking for kids and it's something even down the road I don't think we would.,I don't have children yet jest for reason Thag Ouh partner I'm with we're not looking for kids Ah and it's something even down the road I don't think we would,I don't have children yet just Forreasoned a partner I'm with we're not looking for kids and it's something even down the road I don't think we would,I don't have children yet just for reason that partnering with we're not looking for kids and it's updating even down the road I don't think we would,I don't have children yet just for reason that partner I'm with we're not looking for kids and it's something even down the road I don't think we would,"I don't have children yet just for the reason that the partner I'm with, we're not looking for kids. And it's something even down the road I don't think we would.",i don't have children yet just for reason that the partner i'm with we're not looking for kids um and it's something even down the road i don't think we would
climate_evaluation_5f9fb315ae6f085ff96c0cac,It's like everyone wants to pass the buck. I'm not too confident that we're gonna fix it.,Eems like everyone wants to a pass the buck I'm not too a confident that We'Regoing to fix it,Seems like everyone wants to er pass the buck I'm not too E confident that we're going to fix it,like everyone wants to I'm not too confident that we're going to fix it,Seems like everyone wants to pass the buck. I'm not too confident that we're gonna fix it.,It seems like everyone wants to pass the buck. I'm not too confident that we're going to fix it.,seems like everyone wants to pass the but i'm not too confident that we're going to fix it
climate_evaluation_60bd7c01f57ea794c5e3e4d8,Because there's too many nations that don't wanna participate,Because there's too many nations that don't want to participate,Because there's too many nations that don't want to participate,because there's too many nations that don't want to participate,Because there's too many nations that don't want to participate.,Because there's too many nations that don't want to participate.,because there are too many nations that don't want to participate
climate_evaluation_615f47f5414cbdd6deaf52a0,I think we're already in the middle of it. It's too late to do anything. We need to start preparing for what this means for us.,A thing we're already in the middle of it it's too late to do anything how we to start preparing for what this means for us,I think we're already in the middle of it it's too late to do anything we to start preparing for what this means for us,I think we're already in the middle of it to do anything to start preparing for what this means for us,I think we're already in the middle of it. It's too late to do anything. We need to start preparing for what this means for us.,I think we're already in the middle of it. It's too late to do anything. We need to start preparing for what this means for us.,i think we're already in the middle of it it's too late to do anything we need to start preparing for what this means for us
climate_evaluation_622a24163ab4c46804399b02,I think that we'll somehow get there most of the other countries are farther ahead and care more about climate change than the Americans do. The Americans pretty much just wanna do what they don't wanna do and give anything up that might help the environment but I would trust other countries to go a lot further than us.,I think that will somehow get there a most of the other countries are farther ahead and care more about a climate change than the Americans do the Americans pretty much just want to do what they don't want to do and give anything up that might help the environment but I would trust other countries to go a lot further than us,I think that we'll somehow get there most of the other countries are farther ahead and care more about a climate change than the Americans do the Americans pretty much just want to do what they don't want to do and give anything up that might help the environment but I would trust other countries to go a lot further than us,I think that will somehow get there most of the other countries are farther ahead and care more about climate change than the Americans do the Americans pretty much just want to do what they don't want to do and give anything up that might help the environment but I would trust other countries to go a lot further than us,"I think that we'll somehow get there. Most of the other countries are farther ahead and care more about climate change than the Americans do. The Americans pretty much just want to do what they don't want to do, and give anything up that might help the environment. But I would trust other countries to go a lot further than us.",I think that we'll somehow get there. Most of the other countries are farther ahead and care more about climate change than the Americans do. The Americans pretty much just want to do what they don't want to do and give anything up that might help the environment. But I would trust other countries to go a lot further than us.,i think that we'll somehow get there most of the other countries are farther ahead and care more about climate change than the americans do the americans pretty much just want to do what they don't want to do and give anything up that might help the environment but i would trust other countries to go a lot further than us
climate_evaluation_62885de1cdfe242015ccacef,"I selected this answer because I have, you know, a small trust in the community, the international community. So, I have to be optimist. Thank you.",I selected this answer because I have you know a small Trest on the community t International comment so I have Shul be optimist thank you,I selected this answer because I have you know a small trust on the community the International Comnt so I have to be optimists thank you,I selected this answer because I have you know a small Trust on the community the International Film went so I have to be Optimist thank you,"I selected this answer because I have, you know, a small trust on the community, the international community. So I have to be optimistic. Thank you.","I selected this answer because I have, you know, a small trust on the community, the international community. So I have to be optimistic. Thank you.",i selected this answer because i have you know a small trust in the community the international community so i have to be optimist thank you
climate_evaluation_62914c34e831fee715303be6,Because no one can agree on anything and everything has to be political,Because no one can agree on anything and everything has to be political,Because no one can agree on anything and everything has to be political,because no one can agree on anything and everything has to be political,Because no one can agree on anything and everything has to be political.,Because no one can agree on anything and everything has to be political.,because no one can agree on anything and everything has to be political
climate_evaluation_62c63c653a49b220cb390bdb,There's just so much mixed messages coming from the media and from the past experiences of promises and exactly with the countries under right now I just don't feel confident confident about any.,There's just that is so much Mixin Messengers coming from the Medio and from the past experiences of promises and exactly what the country is on the right now at Giston field confident of confident about an,That's just that so much mixed messages coming from the media and from the past experiences of promises and exactly whet the Countryis on the right now I just don't feel confident but confident about,it's just that it's so much mixed messages coming from the media and from the past experiences of promises and exactly with the countries on the right now I just don't feel comfortable confident about,There's just so much mixed messages coming from the media and from the past experiences of promises and exactly what the country is under right now I just don't feel confident about anything.,There's just so much mixed messages coming from the media and from the past experiences of promises and exactly what the country is under right now. I just don't feel confident about any of it.,it's just that so much mixed messages coming from the media and from past experiences exactly what the country's under right now i just don't feel confident about anything
climate_evaluation_62e199458482518274623771,I think there'll be driving forces that really push it the global climate change efforts forward however I do believe that there are some major countries like China and India that will really impede on that progress.,I think Theye'll be of driving forces that really push it the global climate change efforts afford however I do believe that ther are some major countries like China and India Ah that will really impede on that progress,I think there'll be Bot driving forces that really push it the global climate change efforts Forrd however I do believe that there are some major countries like China and India Ah that will really impede on that progress,I think they'll be driving forces that really pushed the global climate change after it's poured however I do believe that there are some major countries like China and India that will really impede on that progress,"I think there will be driving forces that really push the global climate change efforts forward. However, I do believe that there are some major countries like China and India that will really impede on that progress.","I think they'll be driving forces that really push it. The global climate change efforts forward. However, I do believe that there are some major countries like China and India that will really impede on that progress.",i think there'll be driving forces that really pushed the global climate change efforts forward however i do believe that there are some major countries like china and india that will really impede on that progress
education_university_5850d667b64b9e00017cb722,"I didn't like school, when I was in high school, and I wanted to go right straight to work, earn money.",I didn't like school when I was in high school and I wanted to go rut straight to work earn money,I didn't like school when I was in high school and I wanted to go right straight to work earn money,I didn't like school when I was in high school and I want to go right straight to work or money,"I didn't like school when I was in high school and I wanted to go right straight to work, earn money.","I didn't like school when I was in high school and I wanted to go right straight to work, earn money.",i didn't like school when i was in high school and i wanted to go right straight to work and money
education_university_5ba439a97b196f000196e624,I wanted to help others.,I want to help others,I want to help others,I want to help others,I want to help others.,I want to help others.,i want to help others
education_university_5c377e2f5c297200015669e6,"I started working towards the college degree but life got in the way, and I've never gone back to finish.",I started workin Twards the college degree but life Gotin away an I've never gone Beck t Sef,I started working towards the college degree but life got in away and I've never gone back to finish,I started working towards a college degree but life got in the way and I've never gone back to me,"I started working towards a college degree, but life got in the way and I've never gone back to finish.",I started working towards a college degree but life got in the way and I've never gone back to finish.,i started working towards a college degree but life got insured and i've never gone back to finish
education_university_5e7146ee69a3f1061774803b,I grew up in a very small town and I wanted to learn more about the world and meet new people and getting a degree helped me do that.,I grew up in a very small town and Im wanted to learn war about the world and meet new people M and getting a Tegree help Mou do th,I grew up in a very small town and I wanted to learn mare about the world and meet new people I'm getting a degree help me do,Akron bearing small town and I wanted to learn more about the world,I grew up in a very small town and I wanted to learn more about the world and meet new people and getting a degree helped me do that.,I grew up in a very small town and I wanted to learn more about the world and meet new people and getting a degree helped me do that.,i grew up in a very small town and i wanted to learn more about the world and meet new people and getting a degree helped me do that
education_university_5f430d7837655454911d1d12,"Because I´m, the profession I was in I needed to have a two-year degree.",Not because I the profession I was in Im I needed to have a two year on a degree,Because I the profession I was in I needed to have a two year degree,because the profession I was in I needed to have a two-year degree,"Because the profession I was in, I needed to have a two-year degree.","Because I, the profession I was in, I needed to have a two-year degree.",because i the profession i was in i needed to have a two year degree
education_university_60d3740f31606cb50e49f00c,I decided on a college degree in the hopes of making more money and pursuing a career that I enjoyed.,I decided to earn a college degree in the hopes of making money and pursuing a career that I enjoyed,I decided on a college degree in the hopes of making more money and pursuing a career than I enjoyed,I decided on a college degree in the hopes of making more money on pursuing a career that I enjoy,I decided to earn a college degree in the hopes of making more money and pursuing a career that I enjoyed.,I decided to earn a college degree in the hopes of making more money and pursuing a career that I enjoyed.,i decided to earn a college degree in the hopes of making more money and pursuing a career that i enjoyed
education_university_61088f102428b60cde829d29,Because I wanted a job that would require it.,Because I wanted a job that would require him,Because I wanted a job that would require it,because I wanted a job that would require it,Because I wanted a job that would require it.,because I wanted a job that would require it.,because i wanted a job that would require it
education_university_622a24163ab4c46804399b02,I would've never thought of not getting a college degree you pretty much have to have a college degree for everything you do plus I liked learning so I went to college to learn and grow.,I would have never thought of not getting a college degree um you pretty much have to have a college degree for everything you do Pluss I liked learning so I went to college to learn and grow,I would have never thought of not getting a college degree Ah you pretty much have to have a college degree for everything you do plus I liked learning so I went to college to learn and grow,I would have never thought of not getting you a call just agree you pretty much have to have a college degree for everything you do plus I like learning so I went to college to learn and grow,"I would have never thought of not getting a college degree. You pretty much have to have a college degree for everything you do. Plus, I like learning, so I went to college to learn and grow.","I would have never thought of not getting a college degree. You pretty much have to have a college degree for everything you do. Plus I liked learning, so I went to college to learn and grow.",i would have never thought of not getting a college degree um you pretty much have to have a college degree for everything you do plus i liked learning so i went to college to learn and grow
education_university_62c31fe0e178fc305009b718,I didn't feel it necessary at the time nor do I now.,And I Fe necessary at the time nor do I now,I didn't feel it necessary at the time nor do I now,I didn't feel it necessary,"I didn't feel it necessary at the time, nor do I now.","I didn't feel it necessary at the time, nor do I now.",i didn't feel it necessary at the time nor do i now
education_university_62e0c93d54972f434349eda3,I wanted to have a sense of accomplishing something and completing something. So going to school and graduating with a bachelor's degree was very important to me,Um I wanted to have a sense of accomplishing something in completing something so am going to school and graduating with a bachelor's degree was very important to be,I wanted to have a sense of accomplishing something and completing something so a going to school and graduating with a bachelor's degree was very important to me,I wanted to have a sense of accomplishing something and completing something so going to school and graduating with a bachelor's degree was very important to do,I wanted to have a sense of accomplishing something and completing something. So going to school and graduating with a bachelor's degree was very important to me.,"I wanted to have a sense of accomplishing something and completing something. So, going to school and graduating with a bachelor's degree was very important to me.",um i wanted to have a sense of accomplishing something and completing something so um going to school and graduating with a bachelor's degree was very important to me
future_children_5a146646f2e3460001edc10f,"Have a newborn baby coming soon, next year",Have a newborn baby comin soon next year,Have a new born baby coming soon next year,have a newborn baby coming soon next year,Have a newborn baby coming soon next year,Have a newborn baby coming soon. Next year.,have a newborn baby coming soon next year
future_children_5d338bb02381b7001761694e,My wife and I have chosen not to have any more kids because we're already in our fifties and we're too old for that now plus my wife has had her tubes tied and our last kids so we're not having any more kids because of our age.,My wife and I have chosen not to have any more kids because we're already in our fifties and we're too old for that now bless my wife has hat or tubes tied and our last kids so we're not having any more kids because of our age,My wife and I have chosen not to have any more kids because we're already in our fifties and we're too old for that now Pluss my wife has had her tubes tied and our last kids so we're not having any more kids because of our age,my wife and I have chosen not to have any more kids because we're already in our fifties and we're too old for that now plus my wife has had her tubes tied and her last kids so we're not having anymore kids because of our age,"My wife and I have chosen not to have any more kids because we're already in our 50s and we're too old for that now. Plus my wife has had her tubes tied and our last kids, so we're not having any more kids because of our age.","My wife and I have chosen not to have any more kids because we're already in our 50s and we're too old for that now. Plus my wife has had her tubes tied and our last kids, so we're not having any more kids because of our age.",my wife and i have chosen not to have any more kids because we're already in our fifties and we're too old for that now plus my wife has had her tubes tied and our last kids so we're not having any more kids because of our age
future_children_5ef764821269f404a08607d7,This is an easy one to answer. I'm 71. Biologically it would be very difficult to have a child.,This is an easy one to answer I'm seventy one biologically would be very difficult to have a CHIK,This is an easy one to answer I'm seventy one biologically it would be very difficult to have a,this is an easy one to answer I'm 71 biologically would be very difficult to have it,"This is an easy one to answer. I'm 71. Biologically, it would be very difficult to have a child.","This is an easy one to answer. I'm 71. Biologically, it would be very difficult to have a child.",this is an easy one to answer i'm seventy one biologically it would be very difficult to have a child
future_children_5f430d7837655454911d1d12,"Well, considering I'm 65 that's not gonna happen.",Well considering I'm sixty five that's not G to happen,Well considering I'm sixty five that's not going to happen,well considering I'm 65 that's not going to happen,"Well, considering I'm 65, that's not going to happen.","Well, considering I'm 65, that's not going to happen.",well considering i'm sixty five that's not going to happen
future_children_5fe49a4ad8918ba1615e298d,"First of all, I believe three children are enough. Secondly, I´m too old. I´m in my mid-50s and have gone through the changes, they say.",First of owl I Belave three children are enough Secondly I'm too old I I Ma mid Feties and Ive Gound Thoug the change as they say,First of all I believe three children are enough Secondly I'm too old my MI Fitis and I've gone through the change as they say,first of all of Olay three children are enough secondly I'm too old I'm in my mid-fifties and I've gone through the changes they say,"First of all, I believe three children are enough. Secondly, I'm too old. I'm in my mid-fifties and I've gone through the change, as they say.","First of all, I believe three children are enough. Secondly, I'm too old. I'm in my mid-50s and I've gone through the change, as they say.",first of all i believe three children are enough secondly i'm too old i'm in my mid fifties and have gone through the change as they say
future_children_6044dfc230e44b5793804ba6,I thought I already answered this. I'm not planning to have a child because I don't want a child. And I've never wanted a child. And people who don't want children shouldn't have them that's why.,I thought I already answered this I'm not planning to have a child because I don't want a child and I've never wanted a child and people who don't want children shouldn't have them that's why,I thought I already answered this I'm not planning to have a child because I don't want a child and I've never wanted a child and people who don't want children shouldn't have them that's why,I thought I already answered this I'm not planning to have a child because I don't want a child and I've never wanted a child and people who don't want children shouldn't have them that's why,I thought I already answered this. I'm not planning to have a child because I don't want a child. And I've never wanted a child. And people who don't want children shouldn't have them. That's why.,"I thought I already answered this. I'm not planning to have a child because I don't want a child. And I've never wanted a child. And people who don't want children shouldn't have them, that's why.",i thought i already answered this i'm not planning to have a child because i don't want a child and i've never wanted a child and people who don't want children shouldn't have them that's why
future_children_6101e26ce1c8ecd4461cc3e5,I'm not planning to have children the next two years because me and my husband's plan to have children might be in the next five years. We are still very young we are still trying to figure out our financials and our life goals so we want our childbearing to coincide with our goals long-term.,I'm not Playning to have children the next two years because me and my husband's plan to have children might be the next five years we are still very young we are still trying t figure out our financials in our life goals so we want our child bearing to coincide with our goal's long Tern,I am not planning to have children the next two years because me and my husbands Plannd to have children might be in the next five years we are still very young we are still trying to figure out our financials and our life goals so we want our child bearing to coincide with our goal's long term,I'm not planning to have children the next two years because me and my husband's plan to have children might be in the next five years we are still very young we are still trying to figure out our financials and our life goals so we want our childbearing to coincide with our goals long-term,"I'm not planning to have children the next two years because me and my husband's plan to have children might be in the next five years. We are still very young, we are still trying to figure out our financials and our life goals, so we want our childbearing to coincide with our goals long-term.","I'm not planning to have children the next two years because me and my husband's plan to have children might be in the next five years. We are still very young, we are still trying to figure out our financials and our life goals, so we want our childbearing to coincide with our goals long term.",i am not planning to have children the next two years because me and my husband's plan to have children might be in the next five years we are still very young we are trying to figure out our financials and our life goals so we want to coincide with our goals long term
future_children_6101ed07f939f9662014e6a1,Well I would just hope to have the money and have some of my life together that way I'll be able to support my kids.,Well I just hope to have the money am and am have some some my life together that Whale bill to support my kids,Well I just hope to have the money am and am have some some of my life together that way ill Bild to support my kids,well I just talked to how the money and have some of my life together that way I'll be able to support my kids,"Well, I just hope to have the money and have some of my life together. That way I'll be able to support my kids.","Well, I just hope to have the money and have some of my life together. That way I'll be able to support my kids.",well i just hope to have the money um and um have some some of my life together that way i'll be able to support my kids
future_children_6111a8e5c22c39a1c92edb70,Because I already have three kids and I also have a vasectomy so I can´t have any more.,Because already have three kids and I I also have OM of a sect me so I can't have any one,Because I already have three kids and a I also have a of a Sectme so I can't have any more,cuz I already have three kids and I also have a second so I can have anyone,"Because I already have three kids and I also have a vasectomy, so I can't have any more.",because I already have three kids and I also have a vasectomy so I can't have anymore.,because i already have three kids and i also have a busy so i can't have anymore
future_children_615252fe3ac6a44f68bdc779,Because I´m not in a relationship and I never wanna have kids.,Because I'm not in relationship and I never went Apkins,Because I'm not in a relationship and I never want to have kids,because I'm not in a relationship and I never asked you,Because I'm not in a relationship and I never want to have kids.,Because I'm not in a relationship and I never want to have kids.,because i am not in a relationship and never want to have kids
future_children_62cbf51439a76e8fccd8a495,I am past the point in my life where I can't have more children and I wouldn't want them. I'm content with the two that I have and I wouldn't have time to devote to another child the way I do to my family right now and I don't wanna take any attention off of anyone that's in my family now.,I am past the point my life where I can't have more children and I went and want them Im I'm content with the two that I have and I went and have time to devote to another child the way I due to my family ring now and I don't want to take any attention off of any one that's on my family now,I am past the point in my life where I can't have more children and I wouldn't want them a I'm content with the two that I have and I Wontt have time to devote to another child the way I do to my family right now and I don't want to take any attention off of any one that's in my family now,I am past the point in my life where I can't have more children and I didn't want them I'm content with the two that I have and I wouldn't have time to devote to another child the way I do to my family right now and I don't want to take any attention off of anyone that's in my family now,I am past the point in my life where I can't have more children and I wouldn't want them. I'm content with the two that I have and I wouldn't have time to devote to another child the way I do to my family right now. And I don't want to take any attention off of anyone that's in my family now.,I am past the point in my life where I can't have more children and I wouldn't want them. I'm content with the two that I have and I wouldn't have time to devote to another child the way I do to my family right now. I don't want to take any attention off of anyone that's in my family now.,i am past the point in my life where i can't have more children and i wouldn't want them um i'm content with the two that i have and i wouldn't have time to devote to another child the way i do to my family right now and i don't want to take any attention off of anyone that's in my family now
future_children_6337b9604370dd57643b81a0,Because I've always wanted to have kids and have a family,Because I've always wanted to have kids and have a family,Because I've always wanted to have kids and have a family,because I've always wanted to have kids and have a family,Because I've always wanted to have kids and have a family.,Because I've always wanted to have kids and have a family.,because i always wanted to have kids and have a family
future_children_636159dccb8ebae6099ab520,I am about to start psychiatry residency and will probably not have a lot of free time.,I am about to start Sechietry Residency and I will probably knock hat a Vall ot a free time,I am about to start psychiatry Residency and a will probably not have a lot of free time,I am about to start Psychiatry residency and will probably don't have a lot of free time,I am about to start psychiatry residency and will probably not have a lot of free time.,I am about to start psychiatry residency and will probably not have a lot of free time.,i am about to start psychiatristy residency and uh will probably not have a lot of free time
future_children_637e447c16e05f6828930612,I'm not having another child because I am 67 years old and my wife is 66 years old. Be a little difficult.,Non having another child Maccouns Im sixty seven years old an Mawaf I sixty six Yearso me little difficult,I'm not having another child because I am sixty seven years old and my wife is sixty six years old be a little difficult,I'm having another child because I'm 67 years old and my wife is 66 years old be a little difficult,I'm not having another child because I am 67 years old and my wife is 66 years old. It may be a little difficult.,I'm not having another child because I'm 67 years old and my wife is 66 years old. It's a little difficult.,am not having another child because i am sixty ⁇ seven years old and my wife is sixty ⁇ six years old be a little difficult
future_children_6387f4bcdf5c22093c240bf6,I'm not planning to have a kid because I'm 55 years old and about 8 years into menopause. So I will not have one. Yay,Not Playin to have a kid Becauseim fifty five years old an about eight years Inte Menapaws so I will not have one Yea,Not Playin to have a kid because I'm fifty five years old and about eight years in the Minipaus so I will not have one Yea,not playing to have a kid because I'm 55 years old in about eight years in the menopause so I will not have one yet,I'm not planning to have a kid because I'm 55 years old and about 8 years into menopause. So I will not have one. Yay!,I'm not planning to have a kid because I'm 55 years old and about 8 years into menopause. So I will not have one. Yay.,not playing to have a kid because i'm fifty five years old and about eight years into menopause so i will not have one yea
future_children_63b75c4505aa30e817d4f53f,I'm just too old now to have any more children. 63,I'm just too old now to have any more children sixty three,I'm just too old now to have any more children sixty three,I'm just too old now to have any more children 63,I'm just too old now to have any more children. 63!,I'm just too old now to have any more children. 63!,i'm just too old now to have any more children sixty three
life_satisfaction_5bc4ff222c08740001316ed2,I don't make as much money as I would like to.,I don't make as much money as I would like to,I don't make as much money as I would like to,I don't make as much money as I would like to,I don't make as much money as I would like to.,I don't make as much money as I would like to.,i don't make as much money as i would like to
life_satisfaction_60ca846ffad77e5b1fee110a,I have a lot to be thankful for but I'm not where I am. I'm not where I want to be in life right now.,Tell him I have a lot to be thankful for but I'm not Waring in I'm not ware I want to be in Lyfran now,Elem I have a lot to be thankful for but I'm not where I am I'm not where I want to be in life right now,oh my have a lot to be thankful for but I'm not where I am and I'm not where I want to be in life right now,"I have a lot to be thankful for, but I'm not where I am. I'm not where I want to be in life right now.","Um, I have a lot to be thankful for, but I'm not where I am. I'm not where I want to be in life right now.",i have a lot to be thankful for but i'm not where i am not where i want to be in life right now
life_satisfaction_60fe095a27a19c4dc0eb5e0e,Not gonna lie these days life isn't easy. Especially with having 4 kids everything is so expensive. The world just feels like it's going to hell so it just doesn't feel like I'm at peace.,Not UN TA lie these days life isn't easy am especially with having Forkids everything is so expensive am the world just feels like it's going to hell so it just doesn't feel like I'm at peace,Not going to lie these days life isn't easy am especially with having poor kids everything is so expensive a the world just feels like it's going to hell so it just doesn't feel like I'm at peace,black and white these days life is a c especially with having 4 Kids everything is so expensive the world just feels like it's going to hell so it doesn't feel like I'm at peace,"I'm not gonna lie, these days life isn't easy. Especially with having poor kids, everything is so expensive. The world just feels like it's going to hell. So it just doesn't feel like I'm at peace.","I'm not gonna lie, these days life isn't easy. Especially with having four kids, everything is so expensive. The world just feels like it's going to hell. So, it just doesn't feel like I'm at peace.",i'm not going to lie these days life isn't easy um especially with having four kids everything is so expensive um the world just feels like it's going to hell so it just doesn't feel like i'm at peace
life_satisfaction_6150fb8383f88eae3e5c795a,"I'm moderately satisfied because I have a house, a wife, kids I love. Could just use more money sometimes. Other than that everything's good.",I'm moderately satisfied because I've a house a wife kids I love could just use more money sometimes earning that everything's good,I'm moderately satisfied because I have a house a wife kids I love could just use more money sometimes other than that everything's good,I'm moderately satisfied because I have a house wife kids I love could just use more money sometimes other than that everything's good,"I'm moderately satisfied because I have a house, a wife, kids I love. I could just use more money sometimes. Other than that, everything's good.","I'm moderately satisfied because I have a house, a wife, kids I love. Could just use more money sometimes. Other than that, everything's good.",i'm moderately satisfied because i've a house a wife kids i love could just use more money sometimes other than that everything's good
life_satisfaction_62728d9afbb36631896f3bcb,I have a good stable job and so does my girlfriend. Our kids are healthy and our house is paid for. We have plenty of money in the bank so things are good.,Have a good stable job and so does my girl friend our kids are healthy and a our house is paid for we have plenty O money in the Bank so a things are good,Have a good stable job and so does my girl friend our kids are healthy and our house is paid for we have plenty of money in the Bank so things are good,have a good stable job and so does my girlfriend kids are healthy and house is paid for we have plenty of money in the bank so things are good,I have a good stable job and so does my girlfriend. Our kids are healthy and our house is paid for. We have plenty of money in the bank. So things are good.,I have a good stable job and so does my girlfriend. Our kids are healthy and our house is paid for. We have plenty of money in the bank. So things are good.,i have a good stable job and so does my girlfriend our kids are healthy and our house is paid for we have plenty of money in the bank so things are good
life_satisfaction_62914c34e831fee715303be6,Because I do feel things could be better comma I know they could be a whole lot worse,Because I do feel things could be better Camma I know they could be a whole lot worse,Because I do feel things could be better Tomma I know they could be a whole lot worse,"because I do feel things could be better, I know they could be a whole lot worse","Because I do feel things could be better, I know they could be a whole lot worse.","Because I do feel things could be better, I know they could be a whole lot worse.",because i do feel things could be better i know they could be a whole lot worse
life_satisfaction_638618fa9af1295309751c0c,The country is on a better track to become better. I'm retired now and have more time to be able to do things that I can enjoy.,The country is on a better track to become better I I'm retired now and have more time to be able to do things that I can enjoy,The country's on a better track to become better I'm retired now and have more time to be able to do things that I can enjoy,the countries on a better track to become better I'm retired now and have more time to be able to do things that I can enjoy,The country is on a better track to become better. I'm retired now and have more time to be able to do things that I can enjoy.,The country is on a better track to become better. I'm retired now and have more time to be able to do things that I can enjoy.,the country's on a better track to become better i'm retired now and have more time to be able to do things that i can enjoy
life_satisfaction_638827d8177891e7d70519f8,Tough time trying to get myself together and I feel like if I get a job and pass high school I´ll be very satisfied.,Of time trying go myself together Oh I fee like if I get a Jobby and pass high school I'll be very satisfied,Rouh time try O go myself together Oh a Ter like if I get a job Eand pass high school I'll be very satisfied,sometimes I get myself together I feel like if I get a job yet passed high school I'll be very satisfied,"Tough time trying to get myself together. Um, I feel like if I get a job being past high school, I'll be very satisfied.","Tough time trying to get myself together. I feel like if I get a job, we had passed high school, I'll be very satisfied.",tough time trying to get myself together um i feel like if i get a job even past high school i'll be very satisfied
life_satisfaction_639fdcf5efa9e98ed809d0df,I am retired and I don't have to work and have enough money to live on,I am retired and I don't have to work and have enough money to live on,I am retired and I don't have to work and have enough money to live on,I am retired and I don't have to work and have enough money to live on,I am retired and I don't have to work and have enough money to live on.,I am retired and I don't have to work and have enough money to live on.,i'm retired and i don't have to work and have enough money to live on
life_satisfaction_63b4ccbc2fc0eac107d7e273,Because even though there are always things that could change and improve I feel content with my life where I am.,Because even though there are always things that could change and improve I feel content with my life where I am,Because even though there are always things that could change and improve I feel content with my life where I am,because even though there are always things that could change and improve I feel content with my life where I am,"Because even though there are always things that could change and improve, I feel content with my life where I am.","Because even though there are always things that could change and improve, I feel content with my life where I am.",because even though there are always things that could change and improve i feel content with my life where i am
most_important_problem_5bc4ff222c08740001316ed2,Climate change,Climar change,Climate change,climate change,Climate change.,Climate change.,climate change
most_important_problem_60fb4917318c63922d387555,"I would say helping other countries before ourselves. After a while, we might be broke.",I would say Happing on the Cottrige before ourselves after one we might be Bronk,I would say Helpin other countries before themselves after while we might be broke,I would say helping all the countries with what are cells after why we might be broke,"I would say helping other countries with water sales. After a while, we might be broke.",I would say helping other countries before themselves. After a while we might be broke.,i would see helping other countries before themselves after a while we might be broke
most_important_problem_60fdd635d896e5b5e23bd88c,"The biggest problem in this country is the divisiveness they country is too divided politically, racially and we all need to just come together.",The biggest problem in this country is the Dum the Devisiveness Ah the country is too divided politically racially and we all need to just come together,The biggest problem in this country is the um the Devisiveness Ah the country is too divided politically racially and we all need to just come together,the biggest problem in this country is the the divisiveness the country is too divided politically racially and we all need to just come together,"The biggest problem in this country is the divisiveness. The country is too divided politically, racially, and we all need to just come together.","The biggest problem in this country is the divisiveness. The country is too divided politically, racially, and we all need to just come together.",the biggest problem in this country is the um the divisiveness the country is too divided politically racially and we all need to just come together
most_important_problem_6119efd15a0a464b68fd0c6e,I think the most important problem facing this country could be possible war.,I think the most important problem face in this country could be possible war,I think the most important problem face in this country could be possible war,I think the most important problem facing this country could be possible War,I think the most important problem facing this country could be possible war.,I think the most important problem facing this country could be possible war.,i think the most important problem facing this country could be possible war
most_important_problem_62978b42ddbf6894c660de15,"This country, as in the United States, I would say violence.",This country as in the United States I would say violence,This country as in the United States I would say violence,this country as in the United States I would say violence,"this country as in the United States, I would say violence.","This country, as in the United States, I would say violence.",this country as in the united states i would say violence
most_important_problem_62b9b95e108fbc4df78a2956,"The most important problem is the political divide, and the fact that the two sides just getting further and further apart becoming more polarized, and this two-party system has already led to one civil war.",This important problem is the political divide the fact that the two sides just going further and further apart becoming more polarized and thus two party system has already led to one Civil War,The most important problem is the political divide and the fact that the two sides just getting further and further apart becoming more polarized and this two party system has already led to one Civil War,miss important problem is the political divide in the fact that the two sides just getting further and further apart becoming more polarized and those two party system has already led to one Civil War,"The most important problem is the political divide and the fact that the two sides are just getting further and further apart, becoming more polarized, and this two-party system has already led to one civil war.",The most important problem is the political divide and the fact that the two sides just getting further and further apart becoming more polarized. And this two party system has already led to one civil war.,the most important problem is the political divide and the fact that the two sides are just getting further and further apart becoming more polarized and this two party system has already led to one civil war
most_important_problem_6361547de0e158654a2a2c5d,It is I think it is obvious but guns is the main problem in this country. The easily access to guns gun fight gun killing is getting worse than worse every year.,It is I think it is Obious Butte Gans is the the Demain problem in this country the Eciliaxis to Gans am Gan Fi Amgan Kilin is getting worse and worse every year,It is I think it is obvious but guns Isthe the main problem in this country the Easiy access to guns an gun fight an gun killing is getting worse and worse every year,it is I think it is obvious by the guns is the the main problem in this country is celiacs to guns guns fire gun killing is getting worse and worse every year,"I think it is obvious, but guns is the main problem in this country. The easily access to guns, gun fight, gun killing is getting worse and worse every year.","I think it is obvious, but guns is the main problem in this country. The easily access to guns, gun fight, gun killing is getting worse and worse every year.",it is i think it is obvious but uh guns is the the m the main problem in this country the easily access to guns um gun fighting is getting worse and worse every year
most_important_problem_638827d8177891e7d70519f8,The most biggest problem is racism and immigrants.,True mold beggar's problem as race of em Heande um Emigrants,Tre most biggest problem is Raceism and um Emigrants,Tremont biggest problem is racism and immigrants,The country's biggest problem is racism and immigrants.,My biggest problem is racism and immigrants.,the country's biggest problem is racism and immigrants
political_trust_washington_5c264cc409440500015b5c76,I think the federal government is torn apart and sewn by corporations and so their best interest is to their donors and to their lobbyists and not to the Americans.,I think the fellow government is Bobotn Sould by Corperation and so their Bastager is to their a Doners and to their Lobiit ad not the American,I think the Federal Government is full of MI sold by corporations and so their best interest is to their a donors and to their lobbyist and not for the American,and to their lobbyists and not to be American,I think the federal government is bought and sold by corporations and so their best interest is to their donors and to their lobbyists and not to the Americans.,"I think the federal government is full of thought and sold by corporations, and so their best interest is to their donors and to their lobbyists and not to the Americans.",i think the federal government is bought bought and sold by corporations and so their best interest is to their donors and to their lobbyists and not to the american people
political_trust_washington_60ca846ffad77e5b1fee110a,A lot of corruption that goes in the legislation to trust them so that's why I put at.,But a corruption that goes on an Ourlegislation system so we that's why put Ou,A corruption tat goes on in our legislation system so that's war put,the corruption that goes on in this place and system play that's what I put on,a lot of corruption that goes on in the legislation system. So that's what I put out.,...a lot of corruption that goes on in the legislation system. So......that's what I put out.,there a lot of corruption goes on in the legislation system
political_trust_washington_60fce53eb9820b7477892ddd,They never follow through,They never Fallowed through,They never followed through,you never follow through,They never follow through.,They never follow through.,they never followed through
political_trust_washington_614e4d6c3ee9ec6679f47769,"I think a lot of policy is driven by money, and not the best interest of the citizens.",I think a lot of policy is driven by money and not the best interest of the citizens,I think a lot of policy is driven by money and not the best interest of the citizens,I think a lot of policy is driven by money and not the best interest of the citizens,I think a lot of policy is driven by money and not the best interest of the citizens.,I think a lot of policy is driven by money and not the best interest of the citizens.,i think a lot of policy is driven by money and not the best interest of the citizens
political_trust_washington_62989737409d018c733483c1,For the most part the the federal government does what's right by the people for the most part but then there's sometimes that they throw us for a loop or for a curveball and we're gonna have to look like whoa where did that come from? but yes most of the time I really do believe that the government does do what it is right by the American people.,For the most part of the the Federal Government does Whats rude by the people for the most part UT there sometimes Hey toes for a Luper fer Curbl On't have to look like wo Whetder that come from but yes most of the time I really do believe that the Governmort does do what it is right by the American people,For the most part we the Federal Government does what's right by the people for the most part but there's sometimes that Tey dos for a Goop or for a cur ball N have to look like wool where Dod that come from but yes most of the time I really do believe that the government does do what is right by the American people,for the most part federal government those woods Grapevine stupid people,"For the most part, the federal government does what's right by the people for the most part, but then there's sometimes that they throw us for a blooper for a curveball and we have to look like, whoa, where did that come from? But yes, most of the time, I really do believe that the government does do what is right by the American people.","For the most part, the federal government does what's right by the people for the most part, but then sometimes they throw us for a blooper, for a curveball, and I have to look like, whoa, where did that come from? But yes, most of the time, I really do believe that the government does do what is right by the American people.",for the most part the um the federal government does what's right by the people for the most part but then there's sometimes that they thou was for a loop or for a curve ball and i have to look like whoa where did that come from but yes most of the time i really do believe that the government does do what it's right by the american people
political_trust_washington_62ac97a08ab6bf8042c7cedf,I feel like there is a bunch of information that the federal government hasn´t shared with us and I don´t like being kept away from secrets.,I feel like there's a bunch of information dead the Federal Gu government hasn't share with us and Ow unlike being kept away from secrets,I feel like there's a bunch of information dead the Federal Government has it share with us and I don't like being kept away from secrets,I feel like there's a bunch of information that the federal government hasn't shared with us and I don't like being kept away from secrets,I feel like there's a bunch of information that the federal government hasn't shared with us and I don't like being kept away from secrets.,I feel like there's a bunch of information that the federal government hasn't shared with us and I don't like being kept away from secrets.,i feel like there's a bunch of information that the federal government hasn't shared with us and i don't like being kept away from secrets
political_trust_washington_6337b9604370dd57643b81a0,I think overall you could trust the government but there may be some things they're not sharing with us.,I think over all you can trust the government but there may be some things they're not sharing with us,I think over all you could trust the government but there may be some things they're not sharing with us,I think I brawl you can trust the government but there may be some things are not sharing with us,"I think overall you can trust the government, but there may be some things they're not sharing with us.","I think overall you can trust the government, but there may be some things they're not sharing with us.",i think overall you can trust the government but there may be some things they are not sharing with us
political_trust_washington_633f5252efab6885fedfad7d,I'm not a big fan of government.,I'm not a big Fround of government,I'm not a big found of government,I'm not a big fan of government,I'm not a big fan of the government.,I'm not a big fan of the government.,i'm not a big fan of the government
president_56b2f64c9b4875000b2099f2,"He's a terrible guy, but he's better than the other option.",He's a terrible guy but he's better than the other option he,He's a terrible guy but he's better than the other option,he's a terrible guy but he's better than the other option,"He's a terrible guy, but he's better than the other option.","He's a terrible guy, but he's better than the other option.",he's a terrible guy but he's better than the other option
president_5968334dd0464f0001981856,I like Joe Biden. I think he's got a good heart and he means to do well. However I do believe he is getting too old to handle the position of president.,I like Joobidan I think he's got a good heart and he means to do well however I do believe he is getting too old to handle the position of President,I like Joe Bidan I think he's got a good heart and he means to do well however I do believe he is getting too old to handle the position of President,I like Joe Biden I think he's got a good heart and I mean to do well however I do believe he's getting too old to handle the position of president,"I like Joe Biden. I think he's got a good heart and he means to do well. However, I do believe he is getting too old to handle the position of president.","I like Joe Biden. I think he's got a good heart and he means to do well. However, I do believe he is getting too old to handle the position of president.",i like joe biden i think he's got a good heart and he means to do well however i do believe he is getting too old to handle the position of president
president_5a50fab2f6c517000194760b,"Joe Biden was elected to bring some stability to the country and succeeded in doing that. I think he is doing an adequate job, he has brought in some good things but as perhaps reached a little too far in some of his ambitions.",Providon was Electic Inrecensibility to a to the country and succeeded in doing that I think he is doing an adequate job he thought it some good things but Ah has perhaps reached a little too far in some of his ambitions,Obyden was elected in recent stability to a to the country and succeeded in doing that I think he is doing an adequate job he's brought in some good things but Ah has perhaps reached a little too far in some of his ambitions,Joe Biden was elected to the country and succeeded in doing that I think she is doing an adequate job he's got in some good things got a little too far and some of his ambitions,"Joe Biden was elected to bring some stability to the country and succeeded in doing that. I think he is doing an adequate job. He's brought in some good things, but has perhaps reached a little too far in some of his ambitions.","Biden was elected to increase his stability to the country and succeeded in doing that. I think he is doing an adequate job. He's brought in some good things, but has perhaps reached a little too far in some of his ambitions. I think he's brought in some good things, but has perhaps reached a little too far in some of his ambitions. I think he's brought in some good things, but has perhaps reached a little too far in",biden was elected in recent stability to ah to the country and succeeded in doing that i think he is doing an adequate job he's brought in some good things but has perhaps reached a little too far in some of his ambitions
president_5ff5f7ad932d56101bf7c90d,He wasn't my first choice but he is certainly better than the alternative Republican candidate. I like most of his policies I think he's been able to get an amazing amount of done an amazing amount of stuff done with an extremely slim minority and I'm interested to see what happens the next couple years.,He wasn't my first choice but he's certainly better than the alternative Republican candidate Ah I like most of his policies I think he's been able to get an amazing amount of done an amazing amount of stuff done with a an extremely slim minority Ah and I'm interested to see what happens the next Coupliers,He wasn't my first choice but he's certainly better than the alternative Republican candidate I like most of his policies I think he's been able to get an amazing amount of done an amazing amount of stuff done with an extremely slim minority and I'm interested to see what happens the next couple of years,he wasn't my first choice but he's certainly better than the alternative Republican candidate I like most of his policies I think he's been able to get an amazing amount of done an amazing amount of stuff done with an extremely slim minority and I'm interested to see what happens the next couple years,"He wasn't my first choice, but he's certainly better than the alternative Republican candidate. I like most of his policies. I think he's been able to get an amazing amount of done, an amazing amount of stuff done with an extremely slim minority. And I'm interested to see what happens the next couple of years.","He wasn't my first choice, but he's certainly better than the alternative Republican candidate. I like most of his policies. I think he's been able to get an amazing amount of stuff done with an extremely slim minority, and I'm interested to see what happens the next couple years.",he wasn't my first choice but he's certainly better than the alternative republican candidate um i like most of his policies i think he's been able to get an amazing amount of done an amazing amount of stuff done with um an extremely slim minority um and i'm interested to see what happens the next couple of years
president_60e93525447d5e9ac6ebbd55,"I don´t really like him that much because i feel like he doesn´t always make the best decisions, and I also just feel like, sometimes he just doesn´t seem like he knows what he is doing.",Um I don't ROL Yo like him not much because I Fe like he doesn't always make the best decisions an I also just feel like sometimes he jest doesn't seem like he knows what he's doing,Oh I don't Welo like him not much because I feel like he doesn't always make the best decisions and I also just feel like sometimes he just doesn't seem like he knows what he's doing,I don't really like that much because I feel like he doesn't always make the best decisions and I also just feel like sometimes he just doesn't seem like he knows what you doing,"Um, I don't really like him that much because I feel like he doesn't always make the best decisions and I also just feel like sometimes he just doesn't seem like he knows what he's doing.","Um, I don't really like him that much because I feel like he doesn't always make the best decisions and I also just feel like sometimes he just doesn't seem like he knows what he's doing.",um i don't really like him that much because i feel like he doesn't always make the best decisions and i also just feel like sometimes he just doesn't seem like he knows what he's doing
president_60ef14df0e4b2fd0932b452f,"I don't think he was the best candidate, but I think he's doing a decent job.",I don't think he was the best candidate but I think he's doing a decent job,I don't think he was the best candidate but I think he's doing a decent job,I don't think he was the best candidate but I think he's doing a decent job,"I don't think he was the best candidate, but I think he's doing a decent job.","I don't think he was the best candidate, but I think he's doing a decent job.",i don't think he was the best candidate but i think he's doing a decent job
president_6151e479b4ee16668948c7f2,He's okay. A regular guy.,Es O K erect our Agu,Es O K Aright your GY,he's okay regular guy,"He's okay. All right, you're a guy.",He's okay. He's a regular guy.,he's okay a regular guy
president_629534afc0924e49e1464589,He's not the strongest president and there have been many disasters but I think he's doing just fine based on his credentials and abilities.,He's not the Stronget president and there have been Manusaucters but I think Heis doing just fine beast on his Credanshols and abilities,He's not the strongest president and there have been many disasters but I think he's doing just fine based on his credentials and abilities,he's not the strongest president and there have been many sisters but I think he's doing just fine based on his credentials and abilities,"He's not the strongest president and there have been many disasters, but I think he's doing just fine based on his credentials and abilities.","He's not the strongest president and there have been many disasters, but I think he's doing just fine based on his credentials and abilities.",he's not the strongest president and there have been many disasters but i think he's doing just fine based on his credentials and abilities
president_638427b0fd880d6b2a428a20,I think Joe Biden has done a great job as the president. I think he was facing a lot of adversity. When he came into office he's had a lot to have to deal with but I've been happy with the direction that he has led our country so far.,I think Jogiden has done a great job as the President I think he was facing a lot of adversity when he came into office he's had a lot too um have to deal with but I've been happy with the direction that he has led our country um so far,I think Joe Gaden has done a great job as the President I think he was facing a lot of adversity when he came into office he's had a lot to um have to deal with but I've been happy with the direction that he has led our country so far,I think Joe Biden has done a great job as the president I think he was facing a lot of adversity when he came into office he's had a lot to have to deal with but I've been happy with the direction that he has led our country so far,"I think Joe Biden has done a great job as the president. I think he was facing a lot of adversity when he came into office. He's had a lot to have to deal with, but I've been happy with the direction that he has led our country so far.","I think Joe Biden has done a great job as the president. I think he was facing a lot of adversity when he came into office. He's had a lot to have to deal with, but I've been happy with the direction that he has led our country so far.",i think joe biden has done a great job as the president i think he was facing a lot of adversity when he came into office he's had a lot to um have to deal with but i've been happy with the direction that he has led our country um so far
president_638827d8177891e7d70519f8,He is a very bad president and and he doesn't speak up on his ideas and he does not have good views.,He is a very bad present and he doesn't speak upon his ideas and he does not have good a view,He is a very bad president and he doesn't speak upon his ideas and he does not have good views,he is a very bad president and he doesn't speak up on his ideas and she does not have good view,He is a very bad president and he doesn't speak up on his ideas and he does not have good views.,He is a very bad president and he doesn't speak up on his ideas and he does not have good views.,speak up on his
president_638a66471585cb7583285740,Generally favorable just trying to do his best given the circumstances. There's a lot happening right now that he has to deal with but I do generally have respect for the guy.,Generally favorable just don s Tarn to do his best Givin the circumstances um there's a Ligt happening right now that ye ask a Dealeth but I dig Generaly AV respect for the gay,Generally favorable just done he's trying to do his best given the circumstances um here's a lot happening right now that he has to deal with but I did generally have respect for the guy,Charlie is a verbal just trying to do is best given the circumstances there's a lot happening right now that he has to deal with but I did Joe never expect the guy,"Generally favorable, just trying to do his best given the circumstances. There's a lot happening right now that he has to deal with, but I did generally have respect for the guy.","Generally favorable, just trying to do his best given the circumstances. There's a lot happening right now that he has to deal with, but I did generally have respect for the guy.",generally favorable just trying to do his best given the circumstances um there's a lot happening right now that he has to deal with but i generally have respect for the guy
president_639fdcf5efa9e98ed809d0df,I think he's doing a good enough job.,I think he's doin a good enough job,I think he's doin a good enough job,I think he's doing a good enough job,I think he's doing a good enough job.,I think he's doing a good enough job.,i think he's doing a good enough job
trust_most_people_586935b7e16d530001b34787,Most people are looking out for themselves because nobody else is gonna look out for them.,Most people are looking out for themselves because nobody else is goin look out for them,Most people are looking out for themselves because nobody else is going to look out for them,most people are looking out for themselves because nobody else is going to look out for them,Most people are looking out for themselves because nobody else is going to look out for them.,Most people are looking out for themselves because nobody else is going to look out for them.,most people are looking out for themselves because nobody else is going to look out for them
trust_most_people_59d6b8f103203500011ace12,I selected the answer 6 because I think that most people can be trusted. It's rare that I come across someone who cannot be trusted and I think most people are trying to do the right thing.,Am I selected the answer six because I think that most people can be trusted am it's rare that I come across some one who cannot be trusted and I think most people are trying to do the right thing,Am I selected the answer six because I think that most people can be trusted um it's rare that I come across someone who cannot be trusted and I think most people are trying to do the right thing,I selected the answer 6 because I think that most people can be trusted it's rare that I come across someone who cannot be trusted and I think most people are trying to do the right thing,I selected the answer six because I think that most people can be trusted. It's rare that I come across someone who cannot be trusted and I think most people are trying to do the right thing.,I selected the answer six because I think that most people can be trusted. It's rare that I come across someone who cannot be trusted and I think most people are trying to do the right thing. Let me show you the right thing.,um i selected answer six because i think that most people can be trusted um it's rare that i come across someone who can not be trusted and i think most people are trying to do the right thing
trust_most_people_5e14d563c4e155ae93907ae1,"Well, I believe that most people can be trusted but you don´t know which person you´re dealing with is the one that´s gonna screw you over or the one that´s gonna take advantage of you and people do what´s in their best interest generally. So, you should just be careful when dealing with anyone because you don´t know.",Well I believe that most people can be trusted but you don't know which person you're dealing with is is the one that's going to Scew you over or the one That'Sgoing to take advantage of you Ind people do what's in their best interest generally so Ah you should just be careful when dealing with any one because you don't know,Well I believe that most people can be trusted but you don't know which person you're dealing with is the one that's going to screw you over or the one that's going to take advantage of you and people do what's in their best interests generally so Ah you should just be careful when dealing with anyone because you don't know,well I believe that most people can be trusted but you don't know which person you're dealing with is is the one that's going to screw you over or the one that's going to take advantage of you in people do what's in their best interest generally so you should just be careful when dealing with anyone cuz you don't know,"Well, I believe that most people can be trusted, but you don't know which person you're dealing with is the one that's going to screw you over or the one that's going to take advantage of you. People do what's in their best interest generally. You should just be careful when dealing with anyone because you don't know.","Well, I believe that most people can be trusted but You don't know which person you're dealing with is is the one that's going to screw you over or the one that's going to take advantage of you and people do what's in their best interest generally, so You should just be careful when dealing with anyone because you don't know",well i believe that most people can be trusted but you don't know which person you're dealing with is the one that's going to screw you over or the one that's going to take advantage of you and people do what's in their best interests generally so ah you should just be careful when dealing with anyone because you don't know
trust_most_people_5f49457d8ac21f34cf443e62,This day and age there's a lot of sketchy people and a lot of bad things happening in the world and so I just like to stay vigilant and keep my eye out.,Stand aids there's a lot O Statchy Puple and lot of bad things happening in the world and so I just like to stay vigilant and keep my eye out,Stanades there's a lot of sketchy people and a lot of bad things happening in the world and so I just like to stay vigilant and keep my eye out,sketchy people on a lot of bad things happening in the world in so I just like to stay vigilant and keep my eye out,"Staying aged, there's a lot of sketchy people and a lot of bad things happening in the world. And so I just like to stay vigilant and keep my eye out.","Staying AIDS, there's a lot of sketchy people and a lot of bad things happening in the world. And so I just like to stay vigilant and keep my eye out.",this day and age there are a lot of sketchy people and a lot of bad things happening in the world and so i just like to stay vigilant and keep my eye out
trust_most_people_601387b4aa37e127b0544497,From this one because like people that I know for instance like I can't trust them as far as I can throw them but let me meet somebody new somebody I've never even had any kind of experiences with and sometimes I can trust them more than I can trust the people that I know or that I even call family.,For Nissland be Tas I es people that I know for instance like I can't Tristle him as far as I can Toz the but let me meet somebody new somebody that I've never even had any kind of experiences with in sometimes I can trust them word than I can trust to pupils that I know where that I even call a family,Fon this one because like people that I know for instance like I can't trust them as far as I can indulge in but let me meet somebody knew somebody that I've never even had any kind of experiences with and sometimes I can trust them more than I can trust the Pupiles that I know ore that I even call a family,on this one because all right people that I know like I can't trust him as far as I can throw them but let me meet somebody you knew somebody that I've never even had any kind of experiences with it and sometimes I can trust them more than I can trust the people that I know where that I even call family,on this one because like people that I know for instance like I can't trust them as far as I can throw them but let me meet somebody new somebody that I've never even had any kind of experiences with and sometimes I can trust them more than I can trust the people that I know or that I even call family,on this one because like people that I know for instance like I can't trust them as far as I can throw them but let me meet somebody new somebody that I've never even had any kind of experiences with and sometimes I can trust them more than I can trust the people that I know or that I even call family,on this one because like people that i know for instance like i can't trust them as far as i can tell them but let me meet somebody new somebody that i never even had any kind of experiences with and sometimes i can trust them more than i can trust the people that i know or that i even call family
trust_most_people_607c7c66161a3ab3e550736e,"I like to believe that people can be trusted and I try to keep that type of open mind when I´m interacting with people. I´m a teacher and I try to view my students that way. However, I do think that for every trustworthy person there´s probably someone out there who can´t be trusted as well.",I like to believe that people can be trusted and I try to keep that type of open mind when I'm interacting with people I'm a teacher and I try to view my students that way um however I do think that for every trustworthy person there's probably some one out there who can't be trusted as well,I like to believe that people can be trusted and I try to keep that type of open mind when I'm inter acting with people I'm a teacher and I try to view my students that way however I do think that for every trustworthy person there's probably some one out there who can't be trusted as well,I like to believe that people can be trusted and I try to keep that type of open mind when I'm interacting with people I'm a teacher and I try to view my students that way however I do think that for every trustworthy person there's probably someone out there who can't be trusted as well,"I like to believe that people can be trusted and I try to keep that type of open mind when I'm interacting with people. I'm a teacher and I try to view my students that way. However, I do think that for every trustworthy person there's probably someone out there who can't be trusted as well.","I like to believe that people can be trusted and I try to keep that type of open mind when I'm interacting with people. I'm a teacher and I try to view my students that way. However, I do think that for every trustworthy person there's probably someone out there who can't be trusted as well.",i like to believe that people can be trusted and i try to keep that type of open mind when i'm interacting with people i'm a teacher and i try to view my students that way however i do think that for every trustworthy person there's probably someone out there who can't be trusted as well
trust_most_people_631388f8b5fd84bfaeee521f,There have been cases where I trusted people but they turned out to be not trustworthy.,There have been cases while I Truste people but they turned out to be not trustworthy,There have been cases where I trusted people but they turned out to be not trustworthy,there have been cases where I trusted people but they turned out to be not trustworthy,There have been cases where I trusted people but they turned out to be not trustworthy.,There have been cases where I trusted people but they turned out to be not trustworthy.,there have been cases where i trusted people but they turned out to be not trustworthy
trust_most_people_636159dccb8ebae6099ab520,In general it's important to not trust people right away. You can give them opportunities to prove that they can be trusted but right off the bat there are a lot of bad people out there so it's hard to hard to trust others,Again general it's important to not trust people right away Im you can give them opportunities to prove that they can be trusted but'm right off the bat they're a lot of bad people out there so it's hard to hard to trust others,In general it's important to not trust people right away a you can give them opportunities to prove that they can be trusted but I'm right off the bat there're a lot of bad people out there so it's hard hard to trust others,in general it's important to not trust people right away you can give them opportunities to prove that they can be trusted but I'm right off the bat there a lot of bad people out there so it's hard to hard to trust.,"In general, it's important to not trust people right away. You can give them opportunities to prove that they can be trusted, but right off the bat, there are a lot of bad people out there, so it's hard to trust others.","In general, it's important to not trust people right away. You can give them opportunities to prove that they can be trusted, but right off the bat, there are a lot of bad people out there. So it's hard to trust others.",in general it's important to not trust people right away um you can give them opportunities to prove that they can be trusted but um right off the bat there are a lot of bad people out there so it's hard to hard to trust others
trust_most_people_637e447c16e05f6828930612,"I basically think that most people are good and wanna do the right thing, but I also know in the right circumstances anybody can pretty much do anything. So my motto is in God I trust, all others pay cash",I'm basically think that most people are good and won't do the right thing but I also know in the right circumstances anybody can pretty much do anything so my motto is in God I trust all others pay cash,I basically think that most people are good and want to do the right thing but I also know in the right circumstances anybody can pretty much do anything so my motto is in God I trust all others pay cash,I'm basically think that most people are good and want to do the right thing but I also know in the right circumstances anybody can pretty much do anything so my motto is in God I trust all others pay cash,"I basically think that most people are good and want to do the right thing, but I also know in the right circumstances, anybody can pretty much do anything. So my motto is, in God I trust, all others pay cash.","I basically think that most people are good and want to do the right thing, but I also know in the right circumstances, anybody can pretty much do anything. So my motto is, and God I trust, all others pay cash.",i basically think most people are good and want to do the right thing but i also know in the right circumstances anybody can pretty much do anything so my motto is in god i trust all others pay cash
vote_choice_2_5b233660648d5b0001b7de87,"I think Joe Biden would do a better job than Donald Trump, so I voted for him.",I think job Ardon will do a better job than Domwil job and so I Botet him,I think Joe Badon will do a better job than Donall drop so I voted for him,I think Joe Biden will do a better job than Donald Trump so I thought again,I think Joe Biden will do a better job than Donald Trump. So I voted for him.,"I think Joe Biden would do a better job than Donald Trump, so I voted for him.",i think joe biden would do a better job than donald trump so i voted for him
vote_choice_2_5e27868c5cbbcc0b3599574b,"Biden was the best chance at beating Donald Trump, who is dangerous.",Bidon was the best chance of beating down E Trump who was dangerous,Byden was the best chance of beating Donald Trump who was dangerous,Biden was the best chance of beating Donald Trump who is dangerous,"Biden was the best chance at beating Donald Trump, who was dangerous.","Biden was the best chance at beating Donald Trump, who was dangerous.",biden was the best chance of beating donald trump who was dangerous
vote_choice_2_5eee262c7da4d228a43a4027,He was a unifying force for the that the country needed at a time where we're being separated by our beliefs and differences.,He was a Unachying Chorce for the at the country needed at a time Whe were being separated by our beliefs and differences,He was a unifying force for Theat the Countwe needed at a time where we were being separated by our beliefs and differences,you was a unifying force for the classic country needed at a time while we're being separated by our beliefs and references,It was a unifying force that the country needed at a time where we were being separated by our beliefs and differences.,It was a unifying force for the country needed at a time where we were being separated by our beliefs and differences.,he was a unifying force that the country needed at a time when we were being separated by our beliefs and differences
vote_choice_2_5fcfbee098277e12c671ee44,I thought he was best for the country. Thought he would do a good job,I thought he was best for the country thought he would do a good Jub,I thought he was lest for the country thought he would do a good job,I thought he was best for the country but he would do a good job,I thought he was best for the country. Thought he would do a good job.,I thought he was best for the country. But he would do a good job.,i thought he was best for the country but thought he had done a good job
vote_choice_2_5fde4292a4d8245990ada5bc,Donald Trump should've never been elected in the first place. He's an idiot and I didn't want him in office a day longer.,Danthomp should never been elected in the first place he is an idiot an Aden when I met office Atin longer,Dantomp should never been elected in the first place he's an idiot and Idon't Whent I'm in office any longer,Donald Trump should never been elected in the first place he's an idiot and I don't want him in office at a long,Donald Trump should never have been elected in the first place. He's an idiot. And I don't want him in office any longer.,Donald Trump should never have been elected in the first place. He's an idiot. I'm an agent when I'm in office sitting longer.,donald trump should never have been elected in the first place he's an idiot and i didn't want him in office any longer
vote_choice_2_5fe49a4ad8918ba1615e298d,I'm a Republican and I always fight for the Republicans.,I am a Republican and I always fight for the Republicans,I am a Republican and I always fight for the Republicans,I'm a Republican and I always fight for the Republicans,I'm a Republican and I always fight for the Republicans.,I'm a Republican and I always fight for the Republicans.,i'm a republican and i always vote for the republicans
vote_choice_2_5ff5f7ad932d56101bf7c90d,"I think I would exceed the active working memory of this phone and possibly of your servers if I were asked to list everything wrong with voting for Donald Trump, so I will just say that I voted for Joe Biden because I liked him and his policies infinitely better than the alternative.",I think I would exceed the active working memory of this phone and possibly of your Servers if I were asked to list everything wrong with voting for Dol Trump Cama so I will just say that I voted for Joe Biton because I liked him and his policies infinitely better than the alternative,I think I would exceed the active working memory of this phone and possibly of your Servers if I were asked to list everything wrong with voting for Donald Trump Conmer so I will just say that I voted for Joe Byden because I liked him and his policies infinitely better than the alternative,"I think I would exceed the active working memory of this phone and possibly of your servers if I were asked to list everything wrong with voting for Donald Trump, so I will just say that I voted for Joe Biden because I like him and his policies infinitely better than the alternative","I think I would exceed the active working memory of this phone and possibly of your servers if I were asked to list everything wrong with voting for Donald Trump, so I will just say that I voted for Joe Biden because I liked him and his policies infinitely better than the alternative.","I think I would exceed the active working memory of this phone and possibly of your servers if I were asked to list everything wrong with voting for Donald Trump, comma. So I will just say that I voted for Joe Biden because I liked him and his policies. I think it's infinitely better than the alternative.",i think i would exceed the active working memory of this phone and possibly of your servers if i were asked to list everything wrong with voting for donald trump so i will just say that i voted for joe biden because i liked him and his policies infinitely better than the alternative
vote_choice_2_628ecc32276d54517f4c004d,"I felt Joe was the better candidate, simply put.",Er Feltjo was the better candidate simply put,Iy felt Joe was the better candidate simply put,I felt Joe was the better candidate simply put,I felt Joe was the better candidate. Simply put.,I felt Joe was the better candidate. Simply put.,i felt joe was the better candidate simply put
vote_choice_2_62c7675f57c59d78336f7386,I voted for Joe Biden because I really I couldn't vote for Trump Donald he did 4 terrible years and made everything worse and we needed some kind of change and Republicans are not bringing that so Joe Biden was my only other option.,I voted for Joe Bydon because AIN RI et con VO for Trampdon he did for terrible years he made everything worse but head some kind of change in Republicans are not Buring in that Sal two miles more on the other Af,I voted for Joe Byden because Eallyi couldn't vote for Trompon he did for terrible years he made everything worse but Neded some kind of change and H Republicans are not bringing that so do mine was Morallhy other,a cordial Bridal because there's some kind of changed Republicans I'm not bringing that stuff tomorrow's weather,I voted for Joe Biden because I couldn't vote for Trump. He did four terrible years and made everything worse. We needed some kind of change and Republicans are not bringing that. So Joe Biden was my only other option.,I voted for Joe Biden because I couldn't vote for Trump. He did four terrible years and made everything worse. We needed some kind of change and Republicans are not bringing that. So Joe Biden was my only other option.,for joe biden because i couldn't vote for trump dawn he did four terrible years and made everything worse we needed some kind of change and republicans are not bringing that so
